sell_date,symbol,lot_buy_date,quantity,buy_price,sell_price,pnl
2026-08-10,AAPL,2026-08-03,30,150.25,160.10,295.50
2026-08-14,AAPL,2026-08-03,40,150.25,148.75,-60.00
2026-08-20,AAPL,2026-08-03,30,150.25,162.30,361.50
2026-08-20,AAPL,2026-08-05,20,155.40,162.30,138.00
2026-09-02,AAPL,2026-08-05,30,155.40,165.55,304.50
2026-09-02,AAPL,2026-08-25,15,158.00,165.55,113.25
2026-08-12,MSFT,2026-08-04,20,410.00,395.35,-293.00
2026-08-28,MSFT,2026-08-18,4,402.10,420.00,71.60
2026-09-04,NVDA,2026-08-06,2.5,120.33,125.10,11.925
